model,index,period,dist,seed,n,exceptions,expected,var_mean,var_std,p_uc,p_cc,p_ind,p_dq,lopez,caporin_reg,caporin_firm
garch,ftse,2009,normal,,250,9,6.25,-0.029886548293103856,0.009184321442477902,0.29542798548340243,0.5784752519504809,1.0,0.6164463809441769,9.001069792696587,-2.5417857618610125,256.7897884050651
garch,ftse,2009,skewt,,250,7,6.25,-0.03198271587007534,0.009837764958113216,0.7655653444137516,0.9565178499324095,1.0,0.9548899168808497,7.000826647509024,-1.851295979547754,256.35909243564146
garch,ftse,2009,t,,250,9,6.25,-0.030234702754556943,0.009288135233921671,0.29542798548340243,0.5784752519504809,1.0,0.6096428096328992,9.001040358173018,-2.435865264947935,256.66938110184833
garch,ftse,2011,normal,,250,8,6.25,-0.02518976187176642,0.008805849190230686,0.4965251678312268,0.39786383564863814,0.23994188207731293,0.17802783954372114,8.000379254502388,-1.5511750467105998,244.4785123141204
garch,ftse,2011,skewt,,250,5,6.25,-0.026784293967231716,0.009023218762585595,0.6000212735069022,0.18005794736161906,0.07574158174658208,0.26153959193769216,5.000261607026952,-1.0886980598872793,244.95261861309496
garch,ftse,2011,t,,250,7,6.25,-0.025631689696802813,0.00855327752697636,0.7655653444137516,0.3802048401618634,0.17434519693925066,0.09909502731702369,7.000356771246345,-1.3844342815843869,244.76169975764228
garch,ftse,2017,normal,,250,5,6.25,-0.01268814899220417,0.0019816182519194693,0.6000212735069022,0.871550118995829,1.0,0.7971937128606117,5.000216362579854,-1.9232869576411789,254.0100295153272
garch,ftse,2017,skewt,,250,4,6.25,-0.013520370683480618,0.0024146348925415664,0.32961526319804,0.6217579568519986,1.0,0.8454178958160671,4.000194370244778,-1.6551742587803668,253.64784216925088
garch,ftse,2017,t,,250,5,6.25,-0.012793521512599415,0.002214648034472943,0.6000212735069022,0.871550118995829,1.0,0.8081957151794233,5.000217579780844,-1.9707987130559526,253.83532763982424
garch,ftse,2020,normal,,250,14,6.25,-0.02792257455352059,0.015971152827369495,0.006779840352973854,0.02484172476459512,0.8063808750423658,0.0002996488804157815,14.006791138116698,-8.171960132199175,243.2697239469115
garch,ftse,2020,skewt,,250,10,6.25,-0.03087383259808159,0.01636231238028218,0.16172062359665362,0.2639999131582864,0.40092508686903383,0.004049658067719064,10.00551824516937,-5.4789082729808,244.81959019906526
garch,ftse,2020,t,,250,14,6.25,-0.02886816217908307,0.015597763425238142,0.006779840352973854,0.02484172476459512,0.8063808750423658,0.00043301538793472094,14.006278443365895,-6.826334882592264,244.30666973866204
garch,spx,2009,normal,,250,11,6.25,-0.03415333603997601,0.012895801835183698,0.08173423327287388,0.21979993112843277,1.0,0.23384057714324213,11.000399488381486,-1.8622206132123218,256.24402958387697
garch,spx,2009,skewt,,250,8,6.25,-0.0377383203707677,0.014520773378614864,0.4965251678312268,0.7935983811422883,1.0,0.5176591295877633,8.000128477526747,-0.8473170900654645,255.76346198862743
garch,spx,2009,t,,250,9,6.25,-0.03562766624220506,0.01371580955513733,0.29542798548340243,0.5784752519504809,1.0,0.3659569202797881,9.000240909665255,-1.3690792549745792,256.1377717575117
garch,spx,2011,normal,,250,8,6.25,-0.026094113768623264,0.01251743638470427,0.4965251678312268,0.7935983811422883,1.0,4.01086415531271e-05,8.00192914227841,-3.9265840144186734,247.54327636900166
garch,spx,2011,skewt,,250,7,6.25,-0.028777372790444823,0.014152873777907258,0.7655653444137516,0.9565178499324095,1.0,4.752783854922171e-06,7.0015111295267625,-2.942187216097036,247.97947992353937
garch,spx,2011,t,,250,8,6.25,-0.026779917966857813,0.013142054280698562,0.4965251678312268,0.7935983811422883,1.0,4.1653536766328436e-05,8.001826781537892,-3.731565368056855,247.82544151137807
garch,spx,2017,normal,,250,4,6.25,-0.011257333155074128,0.0015951310573505035,0.32961526319804,0.6217579568519986,1.0,0.9808329150351465,4.000110005112749,-1.7957641594273552,264.55553463142996
garch,spx,2017,skewt,,250,4,6.25,-0.011770865447921108,0.002112586151054303,0.32961526319804,0.6217579568519986,1.0,0.9795761630669079,4.000109643741705,-1.7383610249752048,263.8129199063763
garch,spx,2017,t,,250,4,6.25,-0.01099570204799629,0.0019427963287731024,0.32961526319804,0.6217579568519986,1.0,0.9801281551544877,4.00013196987656,-2.1151990107173697,264.77751810746946
garch,spx,2020,normal,,250,12,6.25,-0.030777282041134536,0.02580499945041359,0.038280278413802216,0.1169203418050705,1.0,0.007067676904455311,12.003425656577797,-6.817957206172865,259.2670994265294
garch,spx,2020,skewt,,250,9,6.25,-0.036352094584316076,0.030696336931048535,0.29542798548340243,0.5784752519504809,1.0,0.09235439164743975,9.002227503835252,-4.545150233453417,257.61520809356557
garch,spx,2020,t,,250,10,6.25,-0.03318822301789179,0.028350682056541152,0.16172062359665362,0.3756747547762167,1.0,0.0027650705165608302,10.002867699388382,-5.960773436771427,258.4663765651545
garch,wig20,2009,normal,,250,4,6.25,-0.04354608847421598,0.00641803927898819,0.32961526319804,0.6217579568519986,1.0,0.981964088982677,4.001484276708412,-1.4761602380810845,257.12938248485614
garch,wig20,2009,skewt,,250,4,6.25,-0.04510648703825741,0.006368727165422761,0.32961526319804,0.6217579568519986,1.0,0.9829152891043786,4.0013048905182425,-1.3001441400780123,256.84392870274604
garch,wig20,2009,t,,250,4,6.25,-0.04419120254802038,0.006143738358481522,0.32961526319804,0.6217579568519986,1.0,0.9827586418481381,4.001421248582622,-1.4090166695432174,256.97856252676206
garch,wig20,2011,normal,,250,9,6.25,-0.028283847190357536,0.012937541899291017,0.29542798548340243,0.34974882327486834,0.3157762037622527,0.3302299152011642,9.001915972813768,-3.782220737985382,239.37290354782678
garch,wig20,2011,skewt,,250,9,6.25,-0.028989762443170575,0.013401196267090512,0.29542798548340243,0.34974882327486834,0.3157762037622527,0.3300669751883074,9.001784241626742,-3.5863077418200264,239.56235014503451
garch,wig20,2011,t,,250,9,6.25,-0.028734581221683028,0.013104378055492236,0.29542798548340243,0.34974882327486834,0.3157762037622527,0.33024279746177143,9.001835757408337,-3.6235127312229016,239.4908103122524
garch,wig20,2017,normal,,250,2,6.25,-0.01971052107275226,0.001932825811601243,0.045072132711615254,0.13426105094653784,1.0,0.7540426757545023,2.0000041127144073,-0.15078932010730517,262.89322865200273
garch,wig20,2017,skewt,,250,2,6.25,-0.02063235492533782,0.0020289027822608797,0.045072132711615254,0.13426105094653784,1.0,0.7566841865426212,2.0000008788419237,-0.051157610751289884,262.23514794893964
garch,wig20,2017,t,,250,2,6.25,-0.020297726969390927,0.001909658272637949,0.045072132711615254,0.13426105094653784,1.0,0.7569102000043557,2.000001489283963,-0.07599889417688166,262.48005127816583
garch,wig20,2020,normal,,250,16,6.25,-0.031006279461291034,0.013866729574682405,0.000923224074270923,0.0009033842924256463,0.08107663748540994,2.610010251258288e-07,16.011716557178254,-9.381058696412065,243.7415436192282
garch,wig20,2020,skewt,,250,15,6.25,-0.03275848188181218,0.014849005358792373,0.002581386991210577,0.0016901221092385788,0.054939644035668644,1.4879687770807948e-07,15.010455438640847,-8.114100378761306,244.03288578293385
garch,wig20,2020,t,,250,16,6.25,-0.032198765570384175,0.014511510253990544,0.000923224074270923,0.0009033842924256463,0.08107663748540994,3.3590332559896297e-07,16.01066970754576,-8.36097237971169,244.0600535565793
garchnet,spx,2009,normal,1.0,250,15,6.25,-0.03279290694897388,0.018873654468228043,0.002581386991210577,0.010602720192473325,0.91535343040215,6.154483495057761e-07,15.001955397329748,-4.961025667837655,255.91035951767714
garchnet,spx,2009,normal,2.0,250,18,6.25,-0.03117381547597926,0.020006088737303397,9.897340380438102e-05,0.0005115352655669092,1.0,1.0516276360839072e-07,18.00249026210561,-7.764372661717864,254.66850514367053
garchnet,spx,2009,normal,3.0,250,15,6.25,-0.03316669086446946,0.020745732676304734,0.002581386991210577,0.010662780462606491,1.0,0.00012452645843907817,15.001528722616,-4.451482869038647,256.65266997768686
garchnet,spx,2009,skewt,1.0,250,10,6.25,-0.03496198128360104,0.016046030222316692,0.16172062359665362,0.3756747547762167,1.0,0.06800701866569558,10.00137213703038,-3.9226772973027906,253.14522588931567
garchnet,spx,2009,skewt,2.0,250,13,6.25,-0.0339067765622485,0.01407961836135498,0.0166752220372699,0.0528620182078714,0.6986287145043619,0.010530196113424206,13.001245011829965,-4.224714975147973,252.59983874759118
garchnet,spx,2009,skewt,3.0,250,12,6.25,-0.033414998992166545,0.013925670801605294,0.038280278413802216,0.10143135860429286,0.5939477930565599,0.02779647814891817,12.001413538554692,-4.510961359835688,252.07873981112743
garchnet,spx,2009,t,1.0,250,14,6.25,-0.03505215593662591,0.0213282110388029,0.006779840352973854,0.025599200025635427,1.0,0.00014320448965632337,14.001584052953294,-4.383924032632841,255.46238171880736
garchnet,spx,2009,t,2.0,250,15,6.25,-0.035246529066418106,0.021138262778156027,0.002581386991210577,0.010662780462606491,1.0,0.00018614454378784728,15.001163799235316,-3.603810563838835,255.95865533852043
garchnet,spx,2009,t,3.0,250,16,6.25,-0.03561410856907738,0.02312136974003468,0.000923224074270923,0.0041370619453328095,1.0,5.623718645175746e-05,16.00090188222668,-3.169107215436135,256.00347992807895
garchnet,spx,2011,normal,1.0,250,7,6.25,-0.03060778038923227,0.013112105404903089,0.7655653444137516,0.3802048401618634,0.17434519693925066,0.21459113966365306,7.001383909639406,-2.1508597514495955,247.18151670285584
garchnet,spx,2011,normal,2.0,250,8,6.25,-0.029282736162246335,0.015019890889039475,0.4965251678312268,0.04861776941984508,0.018113104177091,0.003987851489577143,8.001236099359025,-2.700814732281213,246.2695290326048
garchnet,spx,2011,normal,3.0,250,8,6.25,-0.030328432863871657,0.013954442877219442,0.4965251678312268,0.39786383564863814,0.23994188207731293,0.126299775243642,8.001333541920255,-2.152238839130492,247.5848524918402
garchnet,spx,2011,skewt,1.0,250,3,6.25,-0.035581776604601385,0.011419971759662632,0.1435648642736429,0.34312396537806633,1.0,0.01153127659033737,3.000657725915591,-0.9228577470518482,247.71365757296653
garchnet,spx,2011,skewt,2.0,250,3,6.25,-0.037040896120441154,0.013326914401985818,0.1435648642736429,0.34312396537806633,1.0,0.011642973174317506,3.0004696085452442,-0.8090480909033817,247.47637282443372
garchnet,spx,2011,skewt,3.0,250,3,6.25,-0.034584624226646495,0.010123829664911998,0.1435648642736429,0.34312396537806633,1.0,0.011180579531169799,3.0004929568369976,-0.8685661560739621,247.52697853692314
garchnet,spx,2011,t,1.0,250,5,6.25,-0.0334821709232011,0.012354996285081172,0.6000212735069022,0.18005794736161906,0.07574158174658208,0.0404633129172165,5.000742156231961,-1.1614734357023302,247.30744265094359
garchnet,spx,2011,t,2.0,250,5,6.25,-0.034311175417985895,0.015251546453612385,0.6000212735069022,0.18005794736161906,0.07574158174658208,0.04029133168297838,5.000702310982537,-1.168905468544628,247.5097155590264
garchnet,spx,2011,t,3.0,250,6,6.25,-0.033845011943535334,0.01501100445323393,0.9188018674814984,0.29617885187630155,0.11955116835488078,0.11696014058135717,6.0006459917267545,-1.2052892416200092,247.37913339365048
garchnet,spx,2020,normal,1.0,250,28,6.25,-0.019485528830862627,0.013415040583405898,7.140477098488418e-11,5.199158881197263e-10,0.6002620259613358,0.0,28.01627419849993,-22.22035648043303,260.50849853679273
garchnet,spx,2020,normal,2.0,250,29,6.25,-0.02017307515870578,0.015732331130991043,1.3739454018946162e-11,3.874711662632535e-11,0.13432140757001243,0.0,29.014739821049584,-20.6705869167955,261.78980996504686
garchnet,spx,2020,normal,3.0,250,24,6.25,-0.02052757009182304,0.014950048893157944,3.501161416341603e-08,1.3082251459906047e-07,0.2558562032157857,1.1102230246251565e-16,24.016310462625917,-21.227983631178063,258.9650606713358
garchnet,spx,2020,skewt,1.0,250,20,6.25,-0.024103475006186734,0.014636296404951225,8.523543760352581e-06,1.0095785701325077e-05,0.07408543409048851,1.7330581414398694e-13,20.015203852956397,-17.72946395236188,255.14865866415454
garchnet,spx,2020,skewt,2.0,250,20,6.25,-0.025008713359675427,0.015418996074217308,8.523543760352581e-06,1.0095785701325077e-05,0.07408543409048851,1.4297452111122766e-12,20.013207401814604,-14.831310513224395,255.73078159190663
garchnet,spx,2020,skewt,3.0,250,20,6.25,-0.02489265081196352,0.014170964035909419,8.523543760352581e-06,2.749447670347127e-05,0.2760636248274302,4.315103829810596e-12,20.015286972907354,-16.912780014843094,254.10359001374104
garchnet,spx,2020,t,1.0,250,21,6.25,-0.0229866034200038,0.014662935663607955,2.3167490520448197e-06,3.851505514851361e-06,0.1054288137311894,2.6614266346314253e-12,21.013376209312433,-16.861994223343263,257.34675459994367
garchnet,spx,2020,t,2.0,250,19,6.25,-0.02410476054033428,0.016008224287072693,2.981701366622236e-05,2.419915183926591e-05,0.05037493555392658,4.332800784823121e-11,19.01244427514166,-16.502074868843923,256.844513812929
garchnet,spx,2020,t,3.0,250,22,6.25,-0.023907670997651904,0.016258434472088527,5.998805927553974e-07,1.3501014156647173e-06,0.14557373837558496,4.083400284571326e-13,22.014114415610507,-17.61148020183306,254.9674202645482
garchnet,wig20,2009,normal,1.0,250,10,6.25,-0.03701223101780102,0.009857840666688763,0.16172062359665362,0.2639999131582864,0.40092508686903383,0.23710341708548044,10.001985988468311,-2.9221828055919925,258.8135693119995
garchnet,wig20,2009,normal,2.0,250,11,6.25,-0.03521880451110087,0.008686990271557483,0.08173423327287388,0.17398653594820124,0.494148950056138,0.11251642783291549,11.002479589664006,-3.566961076636572,259.4243775153032
garchnet,wig20,2009,normal,3.0,250,11,6.25,-0.035965113364493574,0.008661577485847215,0.08173423327287388,0.17398653594820124,0.494148950056138,0.0946891988948021,11.002174763346847,-3.235551457712135,258.96126117803243
garchnet,wig20,2009,skewt,1.0,250,9,6.25,-0.03875226178590139,0.0013986019950244807,0.29542798548340243,0.34974882327486834,0.3157762037622527,0.2672455873350257,9.002448367105165,-2.3096577623653194,256.91947289313856
garchnet,wig20,2009,skewt,2.0,250,6,6.25,-0.04129278684420287,0.008285276011835714,0.9188018674814984,0.9948172826658415,1.0,0.9942600189360993,6.001350733774451,-1.5502790257331893,257.40916629610575
garchnet,wig20,2009,skewt,3.0,250,4,6.25,-0.04274015632377885,0.0016319764795222375,0.32961526319804,0.6217579568519986,1.0,0.9781154758752909,4.001896762320369,-1.7244508549719182,256.23930847586143
garchnet,wig20,2009,t,1.0,250,12,6.25,-0.0378973833786299,0.001532608167920427,0.038280278413802216,0.03352655956743056,0.11396855079481882,2.10761641472601e-09,12.00281510063462,-2.9134892495311746,257.232880871149
garchnet,wig20,2009,t,2.0,250,7,6.25,-0.04055894508028864,0.00489029635044939,0.7655653444137516,0.9565178499324095,1.0,0.9676730994187481,7.001749234645423,-1.8197495872517566,257.16112951060313
garchnet,wig20,2009,t,3.0,250,6,6.25,-0.04050172326967522,0.0017750734853198523,0.9188018674814984,0.29617885187630155,0.11955116835488078,0.17209867394153722,6.002209845312153,-2.079297876827325,256.76950379793175
garchnet,wig20,2011,normal,1.0,250,8,6.25,-0.03493596843317181,0.008082319155728804,0.4965251678312268,0.39786383564863814,0.23994188207731293,0.27201671088977086,8.002096801724022,-2.3633877985492733,240.8285493348733
garchnet,wig20,2011,normal,2.0,250,6,6.25,-0.034806192404760114,0.00817456417780287,0.9188018674814984,0.29617885187630155,0.11955116835488078,0.06314793708955047,6.00248481063525,-2.4648114110633514,240.9676290676075
garchnet,wig20,2011,normal,3.0,250,6,6.25,-0.03517905071697466,0.008020171222414007,0.9188018674814984,0.29617885187630155,0.11955116835488078,0.34939040464375515,6.00217537480802,-2.186323850704217,241.28148286247506
garchnet,wig20,2011,skewt,1.0,250,4,6.25,-0.03845326966749173,0.002608012493079576,0.32961526319804,0.6217579568519986,1.0,0.28933715175154595,4.001610905606061,-1.7196931751523519,243.331196349483
garchnet,wig20,2011,skewt,2.0,250,3,6.25,-0.04037686604443601,0.010210902801941108,0.1435648642736429,0.34312396537806633,1.0,0.022401238437844806,3.0012717693239814,-1.2099124838447375,242.0354079902924
garchnet,wig20,2011,skewt,3.0,250,4,6.25,-0.04212165024637587,0.0009961989820600236,0.32961526319804,0.6217579568519986,1.0,0.8498412714047437,4.001501739935551,-1.5852119406319871,244.03212516233037
garchnet,wig20,2011,t,1.0,250,4,6.25,-0.03859168787299715,0.0005299869056264106,0.32961526319804,0.6217579568519986,1.0,0.9839190123940723,4.002176913436969,-2.2113257680704566,243.4061679856482
garchnet,wig20,2011,t,2.0,250,4,6.25,-0.040052137622329155,0.0047406478056942125,0.32961526319804,0.6217579568519986,1.0,0.7418790788167511,4.001349563147497,-1.5226174045002276,243.45018847072777
garchnet,wig20,2011,t,3.0,250,4,6.25,-0.04071746909298738,0.0007014139009919785,0.32961526319804,0.6217579568519986,1.0,0.9464287636585637,4.001765088119038,-1.8328623891974776,243.67957601759812
garchnet,wig20,2020,normal,1.0,250,21,6.25,-0.025853112053225196,0.0120077563156174,2.3167490520448197e-06,1.103671684266061e-06,0.0236368759919654,7.338574192772285e-14,21.016810920898426,-14.530914567168683,245.2587037949258
garchnet,wig20,2020,normal,2.0,250,19,6.25,-0.026953169233531915,0.014820809516570319,2.981701366622236e-05,7.53869299554566e-05,0.21220747196953627,3.006589623932854e-07,19.009690667378955,-10.492019863429448,248.9496413216214
garchnet,wig20,2020,normal,3.0,250,21,6.25,-0.026356573464395183,0.013558403992976434,2.3167490520448197e-06,1.103671684266061e-06,0.0236368759919654,2.2526425169644426e-13,21.0129401425307,-12.160432408217405,247.42236332795738
garchnet,wig20,2020,skewt,1.0,250,20,6.25,-0.024927386099005782,0.0015000432258761923,8.523543760352581e-06,2.5289472813661007e-06,0.014644578693981836,1.1102230246251565e-16,20.022150115002862,-17.10837403082262,246.01578095488338
garchnet,wig20,2020,skewt,2.0,250,19,6.25,-0.026822318973779718,0.004755768676814302,2.981701366622236e-05,5.255348176635977e-06,0.00870156086806062,2.4091839634365897e-14,19.01950310192748,-14.12328397261856,245.49084835429383
garchnet,wig20,2020,skewt,3.0,250,18,6.25,-0.027031094225407143,0.0012430788511244985,9.897340380438102e-05,5.2746765979772015e-05,0.03303762911982144,1.8984813721090177e-14,18.020684962295178,-14.237263288478346,246.52246575540818
garchnet,wig20,2020,t,1.0,250,20,6.25,-0.02481111752289159,0.0016665756408174484,8.523543760352581e-06,2.5289472813661007e-06,0.014644578693981836,0.0,20.023004627434386,-18.198056607038655,245.2887850687605
garchnet,wig20,2020,t,2.0,250,18,6.25,-0.026643629451859083,0.005094286119147444,9.897340380438102e-05,5.2746765979772015e-05,0.03303762911982144,6.342149028171207e-12,18.020955439806002,-15.49716090470298,244.46797671088297
garchnet,wig20,2020,t,3.0,250,19,6.25,-0.02619065206103496,0.002135038738628962,2.981701366622236e-05,5.255348176635977e-06,0.00870156086806062,1.887379141862766e-15,19.021134750173275,-15.301804743303286,245.76820324002023
